{
    "rmse": 2.9732004637460334,
    "cv_rmse": 3.008064794540405,
    "features": 288
}